product_code,title,url,description,sale_price,regular_price,images,oos,sort_order
CSW058,Tenu Gin 0.50l 47%,https://www.getit.changirecommends.com/product-page/tenu-gin-0-50l-47,"The somewhat mysterious Tenu Gin takes its inspiration and botanicals from the depths of the forest in the Finnish taïga. It is then distilled and bottled by Finnish monks in the Valamo Monastery Distillery in Heinävesi, Finland, which most definitely isn't something you see every day. The exact botanicals are something of a secret, though it's clear from tasting that this is most definitely a juniper-forward gin. It's complex and manages to capture the essence of the dark woodlands, adorned with truly stunning label artwork.
",$72.79, $115.80 ,[],['Add to Cart'],1
HTH051,GLENLIVET Founder’s Reserve 70cl,https://www.getit.changirecommends.com/product-page/glenlivet-founder-s-reserve-70cl-1,,$75.81, $92.92 ,[],['Add to Cart'],2
ME53867,GLENLIVET 25 Years Old 70cl (Pre - Order 1 week),https://www.getit.changirecommends.com/product-page/glenlivet-25-years-old-70cl,,$623.48, $623.98 ,[],['Add to Cart'],3
HTH003,JOHNNIE WALKER Double Black 70cl,https://www.getit.changirecommends.com/product-page/johnnie-walker-double-black-70cl-1," 
",$69.89, $88.00 ,[],['Add to Cart'],4
PLM1944,JOHNNIE WALKER Red Label 70cl,https://www.getit.changirecommends.com/product-page/johnnie-walker-red-label-70cl,,$40.55, $52.56 ,[],['Add to Cart'],5
BWW041,Mars Cosmo Manzanilla 70cl,https://www.getit.changirecommends.com/product-page/mars-cosmo-manzanilla-70cl,,$141.44, $147.44 ,[],['Add to Cart'],6
HTH90030,MACALLAN Double Cask 18 Years Old 70cl (With Box),https://www.getit.changirecommends.com/product-page/macallan-double-cask-18-years-old-70cl-with-box,"Colour : Amber honeyNose : Dried fruit, ginger and toffee. Rich orange with hints of clove and nutmegPalate : Rich raisin and sultana with notes of caramel, vanilla and ginger, balanced with wood spice and zesty citrusFinish : Warm oak spice with ginger, turning into sweet orange
",$399.00, $474.15 ,[],['Add to Cart'],7
HTH1958115,GLENMORANGIE The Nectar d'Or 70cl,https://www.getit.changirecommends.com/product-page/glenmorangie-the-nectar-d-or-70cl,"NOTE : DELIVERY PERIOD : 3-5 PERIOD DAYS
",$111.28, $145.00 ,[],['Add to Cart'],8
CSW057,Citadelle French Gin 0.70l 44%,https://www.getit.changirecommends.com/product-page/citadelle-french-gin-0-70l-44,"A premium gin, Citadelle was originally developed in a Dunkirk distillery in the late 18th Century, and at the time Dunkirk was one of the earliest European ports for explorers of the Orient, who brought back herbs and spices from the Far East. The result is a fabulous gin made with 19 different botanicals including Moroccan Coriander, French Juniper, Mexican Orange Peel and Chinese Liquorice...
",$70.72, $85.00 ,[],['Add to Cart'],9
BWW0614,Matsui Kurayoshi 25 years old,https://www.getit.changirecommends.com/product-page/matsui-kurayoshi-25-years-old,"NOTE : DELIVERY PERIOD :5-7 Working Days 
",$945.00, $950.00 ,[],['Add to Cart'],10
ME4838,Glenfarclas 25 Year Old Single Malt Scotch Whisky 700ml,https://www.getit.changirecommends.com/product-page/glenfarclas-25-year-old-single-malt-scotch-whisky-700ml-1,"Volume : 700ml
",$359.90, $388.88 ,[],['Add to Cart'],11
ME9144,Glenfarclas 15 Year Old Single Malt Scotch Whisky 700ml,https://www.getit.changirecommends.com/product-page/glenfarclas-17-year-old-single-malt-scotch-whisky-700ml,"Volume : 700ml 
",$147.68, $198.42 ,[],['Add to Cart'],12
FDH0001,Sequoia Pur Malt Peated/Smoky - ORGANIC - single malt whisky 50CL,https://www.getit.changirecommends.com/product-page/sequoia-pur-malt-peated-smoky-organic-single-malt-whisky-50cl,,$93.00, $101.00 ,[],['Add to Cart'],13
PLM551,GLENMORANGIE 18 Years Old 70cl With Box,https://www.getit.changirecommends.com/product-page/glenmorangie-18-years-old-70cl,,$171.00, $189.00 ,[],['Add to Cart'],14
PLM575,ARDBEG Corryvreckan 70cl,https://www.getit.changirecommends.com/product-page/ardbeg-corryvreckan-70cl,"NOTE : DELIVERY PERIOD : 14 WORKING DAYS 
",$162.00, $171.00 ,[],['Add to Cart'],15
FP037,THE QUIET MAN SUPERIOR BLEND IRELAND 70CL,https://www.getit.changirecommends.com/product-page/the-quiet-man-superior-blend-ireland-70cl,,$81.02, $89.12 ,[],['Add to Cart'],16
FP036,BUSHMILLS 16 YEAR OLD SINGLE MALT IRELAND 70CL,https://www.getit.changirecommends.com/product-page/bushmills-16-year-old-single-malt-ireland-70cl,,$198.00, $212.00 ,[],['Add to Cart'],17
CSH074,KING ROBERT 75CL,https://www.getit.changirecommends.com/product-page/king-robert-75cl,"NOTE :DELIVERY PERIOD : 3-5 WORKING DAYS
",$49.00, $52.00 ,[],['Add to Cart'],18
CSW1214,BALLANTINE’S 12 Years Old Blended Whisky 70cl,https://www.getit.changirecommends.com/product-page/ballantine-s-12-years-old-blended-whisky-70cl,,$69.21, $91.66 ,[],['Add to Cart'],19
CSW58411,Glenallachie 15 Year Old Single Malt Whiskey 0.70L,https://www.getit.changirecommends.com/product-page/glenallachie-15-year-old-single-malt-whiskey-0-70l,,$185.00, $188.00 ,[],['Add to Cart'],20
CSH067,KURAYOSHI PURE MALT 70CL,https://www.getit.changirecommends.com/product-page/kurayoshi-pure-malt-70cl,"NOTE :DELIVERY PERIOD : 3-5 WORKING DAYS
",$112.00, $115.00 ,[],['Add to Cart'],21
UN013,MACALLAN CLASSIC CUT 2019,https://www.getit.changirecommends.com/product-page/macallan-classic-cut-2020," 
",$187.00, $229.00 ,[],['Out of Stock'],22
WI00140,Hatozaki Japanese Blended Whiskey,https://www.getit.changirecommends.com/product-page/hatozaki-japanese-blended-whiskey,,$79.00, $88.00 ,[],['Add to Cart'],23
MWA032,BenRiach 10 Years (700ml) - Single Malt Scotch Whisky,https://www.getit.changirecommends.com/product-page/benriach-10-years-700ml,"Citrus Forward On The Nose With Gingerbread And Cinnamon In Support. On the Palate, Powerful Barley Notes Driving It All The Way. Lengthy Finish With Hints Of Peppery Malt And Vanilla Custard.
",$109.20, $132.20 ,[],['Add to Cart'],24
CSW19431,Talisker 18 years 70cl,https://www.getit.changirecommends.com/product-page/talisker-18-years-70cl,,$191.93, $255.38 ,[],['Add to Cart'],25
WI0998,LOTHAIRE TOURBE WHISKY SINGLE MALT DE FRANCE,https://www.getit.changirecommends.com/product-page/lothaire-tourbe-whisky-single-malt-de-france,,$162.65, $189.00 ,[],['Add to Cart'],26
BWW0609,Matsui Kurayoshi Sherry Cask,https://www.getit.changirecommends.com/product-page/matsui-kurayoshi-sherry-cask,"NOTE : DELIVERY PERIOD :5-7 Working Days 
",$113.00, $133.00 ,[],['Add to Cart'],27
MWA5905,BenRiach The Original Ten Scotch Whisky 70cl 43.0%,https://www.getit.changirecommends.com/product-page/benriach-the-original-ten-scotch-whisky-70cl-43-0,"SIGNATURE SMOOTH AND MULTI-LAYERED STYLE“Luscious orchard fruit on a base of beautiful vanilla cream and pastry, that for me is The Original Ten.” – Rachel Barrie, Master Blender The Original Ten encapsulates the signature smooth and multilayered character of Benriach. Three cask matured for at least ten years in bourbon barrels, sherry casks and virgin oak, to create layers of luscious orchard fruit, sumptuous honeyed malt and toasted oak, all interwoven with a subtle trace of smoke. The perfect introduction to our signature style and richly layered Speyside Single Malt.
",$120.00, $130.00 ,[],['Add to Cart'],28
KMY019,"TTL Omar Whisky (Sherry) 700ml, Alc. 46%",https://www.getit.changirecommends.com/product-page/ttl-omar-whisky-sherry-700ml-alc-46,,$96.00, $98.00 ,[],['Add to Cart'],29
ME478545,GLENLIVET 15 Years Old 70cl,https://www.getit.changirecommends.com/product-page/glenlivet-15-years-old-70cl-2,,$108.05, $134.16 ,[],['Add to Cart'],30
HTH90014,GLENROTHES Soleo 18 Years Old 70cl,https://www.getit.changirecommends.com/product-page/glenrothes-soleo-18-years-old-70cl,"Aroma : Orange oil, vanilla pods, pear and almondsPalate : Sweet, ginger, rose water, pears and vanillaFinish : Sweet, spicy and slightly peppery
",$230.44, $407.59 ,[],['Add to Cart'],31
HTH8108557,GLENMORANGIE The Lasanta 70cl,https://www.getit.changirecommends.com/product-page/glenmorangie-the-lasanta-70cl,,$92.00, $143.52 ,[],['Add to Cart'],32
CSW054,Le Calvados Coeur De Lion Drouin 0.70l 40%,https://www.getit.changirecommends.com/product-page/calvados-coeur-de-lion-drouin-0-70l-40," Christian DROUIN : lively aroma of fresh-cut apple. Light, with hints of lemon and steel. Finishes with flavour of apple seeds and crushed peppercorns"".
",$69.67, $80.68 ,[],['Add to Cart'],33
PLM5005,Superb Yamazaki Deal,https://www.getit.changirecommends.com/product-page/superb-yamazaki-deal,"BUNDLE INCLUDES: 2 x Yamazaki 12 years Free : 1 x Whisky Glass1 x 30g Tong Garden Snack
",$535.60, $646.60 ,[],['Add to Cart'],34
CSW2851,AUCHENTOSHAN Three Wood Single Malt 70cl,https://www.getit.changirecommends.com/product-page/auchentoshan-three-wood-malt-70cl-1,,$79.95, $171.92 ,[],['Add to Cart'],35
HTH15,Dalmore 15 Years Single Malt Whisky,https://www.getit.changirecommends.com/product-page/dalmore-15-years-single-malt-whisky,,$140.00, $199.00 ,[],['Add to Cart'],36
ME0040,Port Charlotte 10 50%ABV (Heavily Peated) 70cl,https://www.getit.changirecommends.com/product-page/port-charlotte-10-50-abv-heavily-peated,,$135.20, $140.00 ,[],['Add to Cart'],37
W&W57,"Suntory Toki, Japanese Whisky, 43% ABV",https://www.getit.changirecommends.com/product-page/suntory-toki-japanese-whisky-43-abv,"700ml
",$88.40, $98.00 ,[],['Add to Cart'],38
Plm74622,Hibiki + Hakushu 12 Years + Kakubin BUNDLE,https://www.getit.changirecommends.com/product-page/hibiki-hakushu-12-years-kakubin-bundle,"  1x HIBIKI Japanese Harmony 70cl1x KAKUBIN whisky1x Hakushu 12 years
",$489.00, $668.69 ,[],['Add to Cart'],39
HTH90027,MACALLAN Double Cask 12 Years Old 70cl (With Box),https://www.getit.changirecommends.com/product-page/copy-of-macallan-double-cask-12-years-old-70cl,"Colour : Harvest sunNose : Creamy butterscotch, toffee, candied orange and newly felled oakPalate : Balanced, honey sweetness, citrus & caramelFinish : Oak lingers, warm, sweet and drying
",$137.92, $158.00 ,[],['Add to Cart'],40
PLM345,Bowmore 25 Years Single Malt Whisky 70cl (Pre-order 1 week arrival),https://www.getit.changirecommends.com/product-page/bowmore-25-years-single-malt-whisky-70cl,,$596.95, $994.00 ,[],['Out of Stock'],41
CSW228,Chivas Regal 21Years Royal Salute Sapphire 700ml,https://www.getit.changirecommends.com/product-page/royal-salute-21yo-the-signature-700ml,,$176.44, $250.00 ,[],['Add to Cart'],42
CSW9685,Johnnie Walker BLUE Label Whisky 0.70l 40%,https://www.getit.changirecommends.com/product-page/johnnie-walker-blue-label-whisky-0-70l-40-with-box-1,"Johnnie Walker Blue Label is the rarest whisky from this world famous brand – only one in ten thousand casks makes the grade. Rich and slightly smoky, it's made up of some very old malt and grain Scotch whiskies.
",$223.00, $288.60 ,[],['Add to Cart'],43
ME92817444,BALLANTINE’S 21 Years Old 70cl with Box,https://www.getit.changirecommends.com/product-page/ballantine-s-21-years-old-70cl,,$195.00, $228.00 ,[],['Add to Cart'],44
LMDW52856,Kavalan Oloroso Sherry Oak 700ml,https://www.getit.changirecommends.com/product-page/kavalan-oloroso-sherry-oak-700ml,,$228.80, $245.00 ,[],['Add to Cart'],45
LMDW32,Nikka Coffey Grain 700ml,https://www.getit.changirecommends.com/product-page/nikka-coffee-grain-700ml-1,,$118.45, $163.56 ,[],['Add to Cart'],46
PLM968,The Chita Suntory Whisky 0.70L,https://www.getit.changirecommends.com/product-page/the-chita-suntory-whisky-0-70l,,$79.88, $115.52 ,[],['Add to Cart'],47
PLM620,CHIVAS REGAL Extra 70cl,https://www.getit.changirecommends.com/product-page/chivas-regal-extra-70cl,,$93.08, $108.00 ,[],['Add to Cart'],48
WI0011,Glen Kirk speyside aged 8 years 70CL,https://www.getit.changirecommends.com/product-page/glen-kirk-speyside-aged-8-years-70cl,,$79.00, $88.00 ,[],['Add to Cart'],49
PLM558,Makers Mark 750ml,https://www.getit.changirecommends.com/product-page/makers-mark-750ml,,$74.00, $93.21 ,[],['Add to Cart'],50
MWA034,BenRiach 12 Years (700ml) - Single Malt Scotch Whisky,https://www.getit.changirecommends.com/product-page/benriach-12-years-700ml,"A new edition of BenRiach's 12 Year Old Sherry Wood expression, which is matured in sherry casks, and then finished in a combination of Pedro Ximénez and Oloroso sherry casks. More sherried deliciousness than you can shake a stick at.
",$127.28, $148.00 ,[],['Add to Cart'],51
ME10001,HENNESSY XO 70cl,https://www.getit.changirecommends.com/product-page/hennessy-xo-70cl-1,"The term XO was coined for this very Cognac by Maurice Hennessy in the 19th century, and it was first bottled in 1870 for family and friends. This blend is composed of over 100 eaux-de-vie from the Grande and Petite Champagne, Borderies and Fins Bois regions. A rich, spicy, complex and truly historical Cognac, destined to be had alongside a cigar.
",$307.82, $325.00 ,[],['Add to Cart'],52
MWA5923,Kura  Pure Malt Whisky 700ml 40.0%,https://www.getit.changirecommends.com/product-page/kura-the-whisky-pure-malt-whisky,"“From Okinawa to The World”…Kura Pure Malt Whisky is the latest premium Japanese Whisky expression of Helios Distillery from Okinawa Island.Situated in Nago-city, the Northern Area of Okinawa that is known for its rich natural environment, Helios has placed high value on preservation of the environment and making the best use of Okinawa’s natural resources and history, and dedicate to produce authentic and good whiskies.Based on the principal, Tadashi Matsuda, the founder, Helios Co. has been distilling spirits over 50 years and promoting the identity, culture, and know-how of Okinawa. This is why, company’s main theme is “From Okinawa to The World”!Kura Pure Malt Whisky is a blended malt whisky made with malted barley, yeast and water. The blend consists of varying malt whiskies that ages up to 18 years.TASTING NOTESNose: Heather honey, yuzu citrus blended with flower and hints of vanillaPalate: Butter scotch with vanilla notes up front, joined with Japanese citrus notesFinish: Hints of caramel filled with green notes, and tropical fruits with vanilla
",$142.00, $158.00 ,[],['Add to Cart'],53
HTH22,JURA Sevenwood Single Malt Whisky 70cl,https://www.getit.changirecommends.com/product-page/jura-sevenwood-single-malt-whisky-70cl,,$119.50, $126.60 ,[],['Add to Cart'],54
HTH90017,GLENROTHES Soleo 12 Years Old 70cl,https://www.getit.changirecommends.com/product-page/glenrothes-soleo-12-years-old-70cl,"Aroma : Light fragrance, banana and vanillaPalate : Banana, lemon and melon with a hint of cinnamonFinish : Long and sweet, galia melon light spice
",$108.00, $143.15 ,[],['Add to Cart'],55
PLM682,HAKUSHU 18 Years Old (Limited Stock) 70cl with Box,https://www.getit.changirecommends.com/product-page/hakushu-18-years-old-limited-stock-70cl,,"$1,018.85"," $1,229.19 ",[],['Add to Cart'],56
HTH948291733,HENNESSY VSOP with Box 70cl,https://www.getit.changirecommends.com/product-page/hennessy-vsop-with-box-70cl-1,"Widely regarded as one of the greatest Cognacs, Hennessy has a tradition of producing Cognacs of the highest quality. The VSOP from Hennessy is the epitome of balance and class and is a blend of 60 different eaux-de-vie aged up to 15 years. Every aspect of this Cognac is perfectly proportioned and demands to be drunk slowly, unadulterated and savoured.
",$94.53, $131.64 ,[],['Out of Stock'],57
BWW0615,Matsui Kurayoshi 33 years old,https://www.getit.changirecommends.com/product-page/matsui-kurayoshi-33-years-old,"NOTE : DELIVERY PERIOD :5-7 Working Days 
","$2,775.50"," $2,780.50 ",[],['Add to Cart'],58
HTH7952,FAMOUS GROUSE Finest Blend 70cl,https://www.getit.changirecommends.com/product-page/famous-grouse-finest-blend-70cl,"Colour : Full golden, clear and brightNose : Well–balanced oak, sherry with a citrus hintPalate : Medium full flavour, mature, speyside fruitinessFinish : Good length, clean, medium dry
",$41.08, $66.58 ,[],['Add to Cart'],59
EPG018,Scotch Blue International,https://www.getit.changirecommends.com/product-page/scotch-blue-international,"Volume: 450ml Alcoholic content: 40% This Scotch Blue International is a rare blended Scotch Whiskey. This creates a superb blended Scotch whiskey with rich, smooth, full-flavored and well rounded characteristics
",$82.16, $107.99 ,[],['Add to Cart'],60
CSH073,CROWN ROYAL CANADIAN WHISKY,https://www.getit.changirecommends.com/product-page/crown-royal-canadian-whisky,"NOTE :DELIVERY PERIOD : 3-5 WORKING DAYS
",$73.00, $74.50 ,[],['Add to Cart'],61
BWW0611,Tottori 17 Years Old Matsui Blended Whisky,https://www.getit.changirecommends.com/product-page/tottori-17-years-old-matsui-blended-whisky,"NOTE :

 
DELIVERY PERIOD :5-7 Working Days

 
	
",$345.00, $375.00 ,[],['Add to Cart'],62
CSH076,MC DOWELL'S WHISKY 750ML,https://www.getit.changirecommends.com/product-page/mc-dowell-s-whisky-750ml,"NOTE :DELIVERY PERIOD : 3-5 WORKING DAYS
",$47.00, $59.00 ,[],['Add to Cart'],63
FP038,THE QUIET MAN 8 YEAR OLD SINGLE MALT IRELAND 70CL,https://www.getit.changirecommends.com/product-page/the-quiet-man-8-year-old-single-malt-ireland-70cl,,$93.60, $100.00 ,[],['Add to Cart'],64
PLM631,DEWAR’S Special Reserve 15 Years Old 75cl,https://www.getit.changirecommends.com/product-page/dewar-s-special-reserve-15-years-old-75cl,,$83.09, $129.00 ,[],['Add to Cart'],65
CSW2011,Chivas Regal 21Years Royal Salute Emerald 700ml,https://www.getit.changirecommends.com/product-page/copy-of-chivas-regal-21years-royal-salute-emerald-700ml,,$203.84, $250.00 ,[],['Out of Stock'],66
WS034,Bellevoye Whisky White (France),https://www.getit.changirecommends.com/product-page/bellevoye-whisky-white-france,"The first and only 100% French Triple Malt whisky with a Sauternes casks finish.Three best Single Malt whiskies of France (North, East and Southwest). Not peated.​Bouquet of dried fruits, spices and honey on the nose. Silky texture on the palate. Almonds and nuts on the finish.
",$145.20, $155.00 ,[],['Add to Cart'],67
LMDW011,TEELING Small Batch 46%,https://www.getit.changirecommends.com/product-page/teeling-small-batch-46,"This small batch bottling consists of hand selected casks which are given further maturation in ex-rum barrels imparting extra character and smooth flavour unique to Irish whiskey. By bottling at 46% with no chill filtration completes an Irish whiskey of true character.
",$88.92, $103.42 ,[],['Add to Cart'],68
BWW0612,Tottori 21 Years Old Matsui Blended Whisky,https://www.getit.changirecommends.com/product-page/tottori-21-years-old-matsui-blended-whisky,"NOTE :

 
DELIVERY PERIOD :5-7 Working Days
",$399.00, $420.00 ,[],['Add to Cart'],69
PLM1006,Hakushu 12 Years + HIBIKI Japanese Harmony,https://www.getit.changirecommends.com/product-page/hakushu-12-years-hibiki-japanese-harmony-free-2x-hakushu-glass,"1 x HAKUSHU 12 Years Old1 x HIBIKI Japanese Harmony 
",$425.00, $592.00 ,[],['Add to Cart'],70
HTH8991004,MACALLAN Sherry Oak 18 Years Old 70cl ( Pre-Order ),https://www.getit.changirecommends.com/product-page/macallan-sherry-oak-18-years-old-70cl,"Colour : Light mahoganyNose : Dried fruits and ginger with hints of citrus, vanilla and cinnamonPalate : Rich dried fruits, spice, clove, orange and wood smokeFinish : Full dried fruits and sweet toffee, with hints of ginger and wood smoke
",$435.64, $550.00 ,[],['Out of Stock'],71
CSW1111,CHIVAS REGAL 12 Years Old 70cl (No Ball Bearing),https://www.getit.changirecommends.com/product-page/chivas-regal-12-years-old-70cl-no-ball-barring,,$57.69, $90.51 ,[],['Add to Cart'],72
ME8391153,BALLANTINE’S 17 Years Old Blended Whisky 70cl with Box,https://www.getit.changirecommends.com/product-page/ballantine-s-17-years-old-70cl-1,,$110.75, $152.95 ,[],['Add to Cart'],73
ME0045,Russell's Reserve 10 Year 45% 70cl,https://www.getit.changirecommends.com/product-page/russell-s-reserve-10-year-45,,$92.66, $101.00 ,[],['Add to Cart'],74
CSW225,Canadian Club 1858 Original 70cl,https://www.getit.changirecommends.com/product-page/canadian-club-1858-original-70cl,,$53.99, $55.00 ,[],['Add to Cart'],75
BWW0617,Matsui Tottori 27 Years Old Matsui Blended Whisky,https://www.getit.changirecommends.com/product-page/matsui-tottori-27-years-old-matsui-blended-whisky,"NOTE :

 
DELIVERY PERIOD :5-7 Working Days
",$688.00, $760.00 ,[],['Add to Cart'],76
Plm7428,HIBIKI 17 Years Old (Limited Stock) 70cl With Box (Pre-order 1 week arrival),https://www.getit.changirecommends.com/product-page/hibiki-17-years-old-limited-stock-70cl-1,,$999.00," $1,161.68 ",[],['Add to Cart'],77
HTH5489,Dalmore 18 Years Single Malt Whisky GiftSet With 2 Glasses,https://www.getit.changirecommends.com/product-page/dalmore-18-years-single-malt-whisky-giftset-with-2-glasses,,$235.00, $268.00 ,[],['Add to Cart'],78
PLM562,GLENLIVET 21 Years Old 70cl,https://www.getit.changirecommends.com/product-page/glenlivet-21-years-old-70cl,,$344.24, $449.00 ,[],['Add to Cart'],79
PLM679,KAKUBIN Suntory Whisky 70cl,https://www.getit.changirecommends.com/product-page/kakubin-suntory-whisky-70cl,,$67.00, $71.32 ,[],['Add to Cart'],80
PLM691,YAMAZAKI 25 Years Old 70cl with Box (Pre-Order 1 Week),https://www.getit.changirecommends.com/product-page/yamazaki-25-years-old-limited-stock-70cl,,"$18,455.55"," $19,888.00 ",[],['Add to Cart'],81
HTH58485,ABERLOUR 16 Years Old 70cl,https://www.getit.changirecommends.com/product-page/aberlour-16-years-old-50cl,"NOTE :  DELIVERY PERIOD : 3-5 WORKING DAYS
",$217.88, $221.40 ,[],['Add to Cart'],82
BWW031,Iwai Japanese Whisky 75cl,https://www.getit.changirecommends.com/product-page/iwai-japanese-whisky-75cl,,$90.60, $95.48 ,[],['Add to Cart'],83
RC027,Wild Turkey Rye 700ml,https://www.getit.changirecommends.com/product-page/wild-turkey-rye-700ml,,$82.26, $115.16 ,[],['Add to Cart'],84
WG1002,BALVENIE 21 Years Old PortWood 70cl,https://www.getit.changirecommends.com/product-page/balvenie-21-years-old-portwood-70cl," 
",$394.16, $460.00 ,[],['Add to Cart'],85
PLM688,YAMAZAKI Distiller’s Reserve 70cl With Box,https://www.getit.changirecommends.com/product-page/yamazaki-distiller-s-reserve-70cl,,$155.79, $227.80 ,[],['Add to Cart'],86
CSW58410,AnCnoc 18 Year Old Single Malt Whisky 0.70L,https://www.getit.changirecommends.com/product-page/ancnoc-18-year-old-single-malt-whisky-0-70l,,$294.00, $298.00 ,[],['Add to Cart'],87
MWA031,BenRiach Birnie Moss Peated (700ml) - Single Malt Scotch Whisky,https://www.getit.changirecommends.com/product-page/benriach-birnie-moss-peated-700ml,"A heavily peated whisky from the BenRiach distillery. This is at higher than average strength and was distilled from peated malt at 35ppm. The result is at once smoky and very fruity.
",$103.99, $112.16 ,[],['Add to Cart'],88
LMDW5899,REDBREAST 12 YO SINGLE POT STILL,https://www.getit.changirecommends.com/product-page/redbreast-12-yo-single-pot-still-cask-strength-55-8,,$107.00, $190.00 ,[],['Add to Cart'],89
MWA003,Jack Daniel's Gentleman Jack (700ml),https://www.getit.changirecommends.com/product-page/jack-daniel-s-gentleman-jack-700ml,"NOTE : DELIVERY PERIOD : 3-5 WORKING DAYS Gentleman Jack of the Jack Daniel's house is a soft and refined whiskey Tennessee. Like the bourbon, it is produced from at least 51% corn, and is aged for at least two years in single oak barrels. Similar to the Jack Daniel's whiskey Tennessee and Single Barrel, Gentleman Jack also undergoes charcoal filtration. After the aging process and before bottling, the whiskey undergoes an additional filtering process – making it the only whiskey in the world that undergoes double charcoal filtration. Gentleman Jack has a full body, sweet flavors of fruits and spices, with a smooth and velvety finish.
",$72.69, $96.00 ,[],['Add to Cart'],90
CSW196801,Royal Salute 21 Years Old The Signature 700ml,https://www.getit.changirecommends.com/product-page/royal-salute-21-years-old-the-signature-700ml-1,,$154.33, $285.84 ,[],['Add to Cart'],91
MWA5930,Umiki Blended Whisky 750ml,https://www.getit.changirecommends.com/product-page/umiki-blended-whisky,"Inspired by Japan’s respect for nature and the ocean, we fused local ocean side malt whiskies with grain whiskies in reserve before blending with pure filtered ocean water and finishing the blend in Japanese pine barrels.
",$112.00, $148.00 ,[],['Add to Cart'],92
PLM628,DEWAR’S White Label 75cl,https://www.getit.changirecommends.com/product-page/dewar-s-white-label-75cl,,$44.20, $59.20 ,[],['Add to Cart'],93
WG85485,BALVENIE 26 Year Old - A Day Of Dark Barley 70cl (Pre-order 1 week arrival),https://www.getit.changirecommends.com/product-page/balvenie-26-year-old-a-day-of-dark-barley-70cl-pre-order-1-week-arrival,"The third whisky in the Balvenie Stories collection, A Day of Dark Barley is a 26-year-old single malt made using dark-roasted barley malt. A deep, oaky whisky, matured for over a quarter of a century in a first-fill bourbon cask, it has malty aromas of soft brown sugar, vanilla, blossom honey and gentle oak spice.1839.75
","$1,839.75"," $1,980.00 ",[],['Add to Cart'],94
PLM632,DEWAR’S Special Reserve 18 Years Old 75cl,https://www.getit.changirecommends.com/product-page/dewar-s-special-reserve-18-years-old-75cl," 
",$103.74, $193.00 ,[],['Add to Cart'],95
MWA006,Nomad Outland Whisky (700ml),https://www.getit.changirecommends.com/product-page/nomad-outland-whisky-700ml,"Nomad Outland Whisky is a collaborative blended whisky from renowned master distiller Richard Paterson and expert Sherry producers Gonzalez Byass. It is made with a selection of over 30 malt and grain whiskies aged between 5 and 8 years old, which are blended together and matured in Sherry butts in Scotland for three years. Following that, the whisky is shipped off to Jerez, where it is finished in Pedro Ximénez casks for a year before it is bottled. Richard Paterson and Gonzalez Byass' master distiller Antonio Flores experimented with different Sherry casks, including Oloroso and Fino, but ultimately decided on the Pedro Ximénez casks for this enticing expression.
",$91.52, $97.44 ,[],['Add to Cart'],96
PLM8602881Z,HIBIKI Japanese Harmony 700ML w Box,https://www.getit.changirecommends.com/product-page/hibiki-japanese-harmony-700ml-w-box-1,"Hibiki Harmony Japanese WhiskyLuminous & delicate. A transparency that unveils complexity.From its launch, Hibiki Whisky has been embraced as the paragon of The Art of Japanese Whisky, the very product of Japanese nature and her people. Hibiki Whisky is not only Japan’s most highly awarded blended whisky but among the most prestigious and honoured whiskies in the world. Colour: Amber Nose: Rose, lychee, hint of rosemary, mature woodiness, sandalwood Palate: Honeylike sweetness, candied orange peel, white chocolate Finish: Subtle, tender long finish with hint of Mizunara (Japanese oak) Buy Hibiki Japanese Harmony Whisky now!
",$161.00, $234.00 ,[],['Add to Cart'],97
ME0084,Luxardo Amaretto di Saschira 70cl,https://www.getit.changirecommends.com/product-page/luxardo-amaretto-di-saschira,,$56.05, $56.56 ,[],['Add to Cart'],98
LMDW5904,Mortlach Linkwood 15 yrs G&M,https://www.getit.changirecommends.com/product-page/mortlach-linkwood-15-yrs-g-m,,$156.00, $170.00 ,[],['Out of Stock'],99
UN006,HELIOS  KURA REKI WHISKY 750ML,https://www.getit.changirecommends.com/product-page/helios-kura-reki-whisky-750ml,,$99.00, $140.00 ,[],['Add to Cart'],100
HTH90018,GLENROTHES Whisky Maker’s Cut 70cl,https://www.getit.changirecommends.com/product-page/glenrothes-whisky-maker-s-cut-70cl-1,"Aroma : Resinous, candied peel and fresh oak notesPalate : Rich, spicy, creamy vanilla and orange peelFinish : Long, fruity, orange peel notes with a hint of nutmeg
",$150.69, $273.80 ,[],['Add to Cart'],101
CSW204,Talisker 10 years 0.70l 45.8%,https://www.getit.changirecommends.com/product-page/talisker-10-years-0-70l-45-8,,$83.19, $93.20 ,[],['Add to Cart'],102
CSW051,Chambord Liqueur Royale 0.50l 16.5%,https://www.getit.changirecommends.com/product-page/chambord-liqueur-royale-0-50l-16-5,"Chambord is a world-renowned raspberry liqueur which was first produced in the Loire valley in the 1600s. It is made with black raspberries, vanilla from Madagascar and Moroccan citrus peels which are steeped in cognac and sweetened with honey. The striking bottle is design is not based on the Holy Hand Grenade, in fact it's based on a Globus Cruciger - an Orb a Christian symbol which was used during the Middle Ages. The cross surrounds the orb, which represents the earth.
",$54.08, $57.00 ,[],['Add to Cart'],103
BWW044,Mars Maltage COSMO 70cl,https://www.getit.changirecommends.com/product-page/mars-maltage-cosmo-70cl,,$123.75, $149.76 ,[],['Add to Cart'],104
LMDW082,KAVALAN Solist Fino Sherry Cask Whisky (Pre-order 1 week arrival),https://www.getit.changirecommends.com/product-page/kavalan-fino-sherry-cask-whisky,"Volume : 70cl
",$564.72, $600.00 ,[],['Add to Cart'],105
HTH90035,MACALLAN Double Cask 15 Years Old 70cl (With Box),https://www.getit.changirecommends.com/product-page/macallan-double-cask-15-years-old-70cl-with-box,"Colour : Golden butterscotchNose : Dried fruit, toffee and vanilla with smooth oak and baked apple. Balanced with notes of honey and chocolatePalate : Sweet raisin and sultana builds with hints of vanilla, wood spice and citrusFinish : Warm with ginger turning to caramel and citrus, with a lingering and creamy mouth feel.
",$178.88, $459.00 ,[],['Add to Cart'],106
BWW032,Iwai Tradition | Blended Japanese Whisky 75cl,https://www.getit.changirecommends.com/product-page/iwai-trad-jap-whisky-75cl,,$103.99, $114.00 ,[],['Add to Cart'],107
CSW134,Nikka Taketsuru Pure Malt 0.70l 43%,https://www.getit.changirecommends.com/product-page/nikka-taketsuru-pure-malt-0-70l-43,"NOTE : DELIVERY PERIOD : 3-5 Working Days A non-age-statement expression of Nikka Taketsuru Pure Malt whisky, named after the company's founder, Masataka Taketsuru. It features plenty of whisky from the Miyagikyo distillery, as well as percentage of malt matured in sherry casks to give it a rich, spiced nose.
",$120.59, $128.00 ,[],['Add to Cart'],108
BWW0613,Matsui Tottori 23 Years Old Matsui Blended Whisky,https://www.getit.changirecommends.com/product-page/matsui-tottori-23-years-old-matsui-blended-whisky,"NOTE :

 
DELIVERY PERIOD :5-7 Working Days
",$501.00, $505.00 ,[],['Add to Cart'],109
MWA5909,Benriach The Twenty One Scotch Whisky 70cl,https://www.getit.changirecommends.com/product-page/benriach-the-twenty-one-scotch-whisky-70cl,"“A beautiful reflection of the landscape around Benriach. A real sense of mountain oak spice, fruit, creamy malt and elegant layers of smoke.”
– Rachel Barrie, Master Blender
At twenty one years old, Benriach takes on an elegant character, elevated by long maturation, four cask types and the combination of our unpeated and peated styles. The characters of aged bourbon, sherry, virgin oak and red wine casks intertwine to imbue layers of lush orchard fruit, toasted pinewood and a honey smoke finish. An exquisite and rare smoky Speyside malt.
",$303.00, $326.00 ,[],['Add to Cart'],110
CSW00021,Aberlour 12 Year Double Cask Matured 700ml With Box,https://www.getit.changirecommends.com/product-page/aberlour-12-year-double-cask-matured-700ml-w-gift-box,,$108.00, $133.00 ,[],['Add to Cart'],111
CSW046,Bailey's Irish Cream 750ml,https://www.getit.changirecommends.com/product-page/bailey-s-irish-cream-700ml,"The ultimate whiskey cream liqueur, Baileys is blended from cream, cocoa and Irish whiskey.
",$33.28, $56.28 ,[],['Add to Cart'],112
CSH077,Royal Challenge Whisky 750ml,https://www.getit.changirecommends.com/product-page/royal-challenge-whisky-750ml,"NOTE :DELIVERY PERIOD : 3-5 WORKING DAYS
",$52.00, $54.00 ,[],['Add to Cart'],113
CSH065,KURAYOSHI 18YRS PURE MALT 70CL,https://www.getit.changirecommends.com/product-page/kurayoshi-18yrs-pure-malt-70cl,"NOTE :DELIVERY PERIOD : 3-5 WORKING DAYS
",$242.00, $255.00 ,[],['Add to Cart'],114
ME64491,GLENMORANGIE The Original 10 Years Old 75cl,https://www.getit.changirecommends.com/product-page/glenmorangie-the-original-10-years-old-70cl,,$77.22, $138.00 ,[],['Add to Cart'],115
PLM665,JOHNNIE WALKER John Walker & Sons XR 21 75cl,https://www.getit.changirecommends.com/product-page/johnnie-walker-john-walker-sons-xr-21-75cl,"NOTE :  DELIVERY PERIOD : 3-5 WORKING DAYS
",$184.08, $222.00 ,[],['Out of Stock'],116
RC028,Wild Turkey Rare Breed 750ml,https://www.getit.changirecommends.com/product-page/wild-turkey-rare-breed-750ml,,$113.98, $132.38 ,[],['Add to Cart'],117
HTH004,JOHNNIE WALKER Platinum Label 18 Years Old 75cl with Box,https://www.getit.changirecommends.com/product-page/johnnie-walker-platinum-label-18-years-old-75cl-with-box,,$113.26, $159.91 ,[],['Add to Cart'],118
ME9421,Glenfarclas 17 Year Old Single Malt Scotch Whisky 700ml,https://www.getit.changirecommends.com/product-page/glenfarclas-17-year-old-single-malt-scotch-whisky-700ml-1,"Volume : 700ml 
",$146.53, $225.04 ,[],['Add to Cart'],119
WG1001,GLENFIDDICH IPA EXPERIMENT 70CL,https://www.getit.changirecommends.com/product-page/glenfiddich-ipa-experiment-70cl,"134.15
",$134.15, $159.00 ,[],['Add to Cart'],120
WG016,BALVENIE 12 Years Old DoubleWood 70cl,https://www.getit.changirecommends.com/product-page/balvenie-12-years-old-doublewood-70cl-1,"95
",$95.00, $110.00 ,[],['Add to Cart'],121
MWA038,Glenglassaugh Evolution (700ml) - Single Malt Scotch Whisky,https://www.getit.changirecommends.com/product-page/glenglassaugh-evolution-700ml,"Part of Glenglassaugh's return, which despite changes of ownership looks set to be a triumphant one if Evolution is anything to go by.
",$119.54, $138.00 ,[],['Add to Cart'],122
HTH022,JURA 18 years Single Malt Whisky 70cl,https://www.getit.changirecommends.com/product-page/jura-18-yrs-single-malt-whisky-70cl,,$157.03, $162.04 ,[],['Add to Cart'],123
LMDW079,KAVALAN Ex-Sherry Oak Whisky,https://www.getit.changirecommends.com/product-page/kavalan-ex-sherry-oak-whisky,"Volume : 70cl
",$182.62, $185.00 ,[],['Add to Cart'],124
CSW079,MACALLAN Triple Cask 12 Years Old 70cl (With Box),https://www.getit.changirecommends.com/product-page/macallan-triple-cask-12-years-old-70cl-1,"Colour : Rich strawNose : Complex, with a hint of fruit and vanillaPalate : Medium, balanced with fruit, oak and spiceFinish : Lingering, with dried fruits, oak and spice
",$122.71, $254.72 ,[],['Add to Cart'],125
LMDW008,OLD PULTENEY 18 YEARS 46%,https://www.getit.changirecommends.com/product-page/old-pulteney-18-years-46,"Located in the extreme north-east of Scotland, established on the port of Wick since 1826, the Pulteney distillery founded its history thanks to the maritime trade. The aging conditions due to its proximity to the sea give the whiskey a particularly saline and iodized character. This version is greedy and subtle at the same time, marked by notes of chocolate, honey and spices, while revealing its usual saline character. Profile: Subtle and greedy.
",$234.00, $240.00 ,[],['Add to Cart'],126
PLM626,DEWAR’S White Label  20cl,https://www.getit.changirecommends.com/product-page/dewar-s-white-label-20cl,,$20.28, $22.32 ,[],['Add to Cart'],127
PLM681,HAKUSHU 12 Years Old (Limited Stock) 70cl with Box,https://www.getit.changirecommends.com/product-page/hakushu-12-years-old-limited-stock-70cl,,$269.00, $374.04 ,[],['Add to Cart'],128
WG006,Grant's Triple Wood,https://www.getit.changirecommends.com/product-page/grant-triple-wood,"As you might expect from the name, Grant's Triple Wood features whisky drawn from three types of cask - specifically refill American oak casks, first-fill ex-bourbon casks and virgin American oak casks. An approachable blended Scotch whisky from the world-famous brand, taking the place of the Family Reserve as its flagship expression.
",$43.44, $54.00 ,[],['Add to Cart'],129
CSH062,GLEN MORAY 18 yrs SINGLE MALT 70CL,https://www.getit.changirecommends.com/product-page/glen-moray-18-yrs-single-malt-70cl,"NOTE :DELIVERY PERIOD : 3-5 WORKING DAYS
",$165.00, $173.00 ,[],['Add to Cart'],130
CSW044,Fireball Cinnamon Whisky,https://www.getit.changirecommends.com/product-page/fireball-cinnamon-whisky,"On the palate, it is powerful but perfectly balanced, with the bitterness of the lemon peel in equilibrium with the alcohol and a touch of sweetness. Clean and fresh on the finish.
",$52.00, $58.71 ,[],['Add to Cart'],131
WS031,Sasanokawa Cherry-Ex (Japan),https://www.getit.changirecommends.com/product-page/sasanokawa-cherry-ex-japan,"Sasanokawa Shuzo is a name in sake and shochu making since 1765. Almost 200 years later, in 1946, they expanded their repertoire with whisky. Although Sasanokawa is a rather small distillery they manage to maintain a high quality product which keeps them in competition with the great breweries of the north. Their whisky range goes under the name of Yamazakura.                 
  
A cheap blend without big junk notes, malted caramel blue, slightly sweeter than normal (but far, far from liqueur sweetness), soft and mild I would not say, for 40% I have a good roaring (or stinging?) On the tongue when he is long remains in the mouth, comes some more nut and again brandy bean (no Mon Cherie, no fruit)
",$63.99, $75.00 ,[],['Add to Cart'],132
WI0990,LOTHAIRE FRUITE WHISKY SINGLE MALT DE FRANCE,https://www.getit.changirecommends.com/product-page/lothaire-fruite-whisky-single-malt-de-france,,$141.00, $149.00 ,[],['Add to Cart'],133
FP039,THE QUIET MAN 12 YEAR OLD SINGLE MALT IRELAND 70CL,https://www.getit.changirecommends.com/product-page/the-quiet-man-12-year-old-single-malt-ireland-70cl,,$163.18, $181.28 ,[],['Add to Cart'],134
CSW56432,AUCHENTOSHAN 12 Years Single Malt 70cl,https://www.getit.changirecommends.com/product-page/auchentoshan-12-years-old-malt-70cl,,$72.15, $102.46 ,[],['Out of Stock'],135
PLM1003,Bowmore 26 Years Old Vintner's Trilogy Whisky 70cl (Pre-order 1 week arrival),https://www.getit.changirecommends.com/product-page/bowmore-26-years-old-vintner-s-trilogy-whisky-70cl,,$540.79, $721.80 ,[],['Add to Cart'],136
WG00999,GLENFIDDICH XX 70CL,https://www.getit.changirecommends.com/product-page/glenfiddich-xx-70cl,,$161.00, $166.00 ,[],['Add to Cart'],137
HTH55112,The Macallan Aera Single Malt Whisky 700ml,https://www.getit.changirecommends.com/product-page/the-macallan-aera-single-malt-whisky-700ml,,$158.00, $175.00 ,[],['Add to Cart'],138
MWA055,Kamiki Sakura Malt Whisky 500ml,https://www.getit.changirecommends.com/product-page/kamiki-sakura-malt-whisky-500ml,"Origin: Japan - Nara   Inspired by sacred Sakura Tree which symbolizes the fragility of life with its beautiful yet short lived blossoms, we have finished our Kamiki Whisky at Sakura casks after aging in Yoshino Sugi casks.   Nose : Cherry candy with ripe banana, chestnuts, and cinnamon on the nose.Palate : Woodiness, sandalwood and gentle spice, before sweet Sakura pedals.Finish : Spicy cherry with savoury notes, leading to a floral, spring like finish.
",$114.35, $136.75 ,[],['Add to Cart'],139
CSW056,John Jameson Irish Whisky 0.70l 40%,https://www.getit.changirecommends.com/product-page/john-jameson-irish-whisky-0-70l-40,"An Irish whiskey blended produced from various types of whiskey that were aged separately in different barrels. The Jameson's flavor stems mainly from the unique mixture of malt and cereals that haven't yet turned to malt, alongside components such as barley and additional unique cereals. The whiskey undergoes a triple distillation process and has a natural smooth flavor, without smoky flavors. 
",$54.96, $59.96 ,[],['Add to Cart'],140
MWA5925,Old Forester Classic 86 Proof,https://www.getit.changirecommends.com/product-page/old-forester-classic-86-proof,"Created in 1870, Old Forester is the only bourbon continuously distilled and marketed by the founding family before, during and after Prohibition. At 86 proof, Old Forester delivers a genuine bourbon experience, with rich, full flavor and a smooth character that is ideal for sipping neat, on the rock, with a splash of water or in a classic cocktail.Nose: Sharp and sweet, with a strong floral character that swirls with hints of mint, rich tobacco leaf and vanilla. A touch of oak and pine provides a strongunderpinning.Taste: Sharp at first, but softens quickly, with hints of oak, sweet corn and rye grain character. Spicy, with soft vanilla and light orange notes.Finish: Long, warm and slightly drying. Nice level of sweetness.
",$82.00, $89.00 ,[],['Add to Cart'],141
CSH044,The Singleton Dufftown 15 Years Old Whisky,https://www.getit.changirecommends.com/product-page/the-singleton-dufftown-15-years-old-whisky,,$88.00, $135.00 ,[],['Add to Cart'],142
MWA218K,Old Forester Signature 100 Proof Kentucky Straight Bourbon Whisky,https://www.getit.changirecommends.com/product-page/old-forester-signature-100-proof-kentucky-straight-bourbon-whisky,"A favorite of bartenders, 100 Proof honors the legacy of founder George Garvin Brown, who put his signature on every bottle. And this bourbon is one he would be proud tohave his name on today. Handpicked from select barrels, Old Forester 100 Proof is a rich, complex bourbon. Spicy and robust, it is bottled at 100 Proof to maintain its distinct character and full flavor profile.Nose : Strong, sweet coffee laced with chocolate, creamy butterscotch and a hint of liquorice.Taste : Ripe apple and other sweet fruit, bakery spice (clove and nutmeg), and toasted oak.Finish : Sweet and light, with hints of oak and apple that linger a bit.
",$111.00, $120.00 ,[],['Add to Cart'],143
LMDW078,KAVALAN Podium Whisky,https://www.getit.changirecommends.com/product-page/kavalan-podium-whisky,"Volume : 70cl
",$170.09, $175.00 ,[],['Add to Cart'],144
PLM988,BOWMORE 12 Years Old Malt 70cl,https://www.getit.changirecommends.com/product-page/bowmore-12-years-old-malt-70cl-1,,$67.99, $156.54 ,[],['Add to Cart'],145
LMDW018,WIDOW JANE 10 years old Bourbon 45.5%,https://www.getit.changirecommends.com/product-page/widow-jane-10-years-old-bourbon-45-5," 
",$187.20, $190.00 ,[],['Add to Cart'],146
LMDW47J,REDBREAST LUSTAU SHERRY FINISH,https://www.getit.changirecommends.com/product-page/redbreast-lustau-sherry-finish,"Midleton distillery is expanding the Redbreast line of single pot still Irish whiskies with a new expression that highlights the prominent Sherry style of the brand. The name, Lustau come from the Bodegas where are sourced first-fill Olororo Sherry casks used for finishing after bourbon casks maturation. Since decades, The Bodegas Lustau in Jerez, is famous for bringing the finest Spanish casks to serve Irish Distillers. Genuine testimony to the brand’s ties to Spain’s legendary Sherry casks, this permanent edition brings vividness to range whilst keeping its fruity profile so typical to single pot sills.
",$137.00, $148.00 ,[],['Out of Stock'],147
LMDW005,ICHIRO'S MALT Malt & Grain 46.5%,https://www.getit.changirecommends.com/product-page/ichiro-s-malt-malt-grain-of-46-5," 
",$208.00, $210.00 ,[],['Add to Cart'],148
CSW045,Kahlua Coffee Liqueur 70cl,https://www.getit.changirecommends.com/product-page/kahlua-coffee-liqueur-0-70l-20,"A Mexican coffee liqueur, Kahlúa is made with sugar, corn syrup, vanilla beans and coffee. An important part of a B52 and a White Russian.
",$39.58, $51.32 ,[],['Add to Cart'],149
CSH064,KURAYOSHI 12YRS PURE MALT 70CL,https://www.getit.changirecommends.com/product-page/kurayoshi-12yrs-pure-malt-70cl,"NOTE :DELIVERY PERIOD : 3-5 WORKING DAYS
",$162.00, $169.00 ,[],['Add to Cart'],150
CSH078,SIR EDWARS WHISKY 700ML,https://www.getit.changirecommends.com/product-page/sir-edwars-whisky-700ml,"NOTE :DELIVERY PERIOD : 3-5 WORKING DAYS
",$49.00, $54.00 ,[],['Add to Cart'],151
LMDW002,Nikka - Super Rare Old | Japanese Whisky 43%,https://www.getit.changirecommends.com/product-page/nikka-super-nikka-43,"Super Nikka is a blended whisky born in 1962.  Super Nikka is a classic style of blended whisky with gentle peatiness and hints of vanilla and sherry. These beautiful flavors are rounded and well-balanced with a smooth texture and mellow mouthfeel.
",$91.09, $138.00 ,[],['Add to Cart'],152
LMDW009,KILCHOMAN Sanaig 46%,https://www.getit.changirecommends.com/product-page/kilchoman-sanaig-46," 
",$161.10, $171.20 ,[],['Add to Cart'],153
FP035,GEORGIA MOON CORN WHISKEY (JAR) USA 75CL,https://www.getit.changirecommends.com/product-page/georgia-moon-corn-whiskey-jar-usa-75cl,,$66.56, $75.00 ,[],['Add to Cart'],154
CSW23563,BALLANTINE’S Finest 70cl with Box,https://www.getit.changirecommends.com/product-page/ballantine-s-finest-70cl-1,,$46.75, $64.80 ,[],['Add to Cart'],155
LMDW006,Old Pulteney 12 years 40%,https://www.getit.changirecommends.com/product-page/old-pulteney-12-years-40,"Fine and complex, marked by a salty finish, this single malt is aged in old American oak casks. Style: Maritime and fruity. Nose: Elegant, lightly smoky. Toasted and fruity notes. Palate: Salty and unctuous. Marked by malted barley. Finish: Tangy and floral.
",$112.27, $143.32 ,[],['Add to Cart'],156
RC009,Glen Grant 10YO 700ml,https://www.getit.changirecommends.com/product-page/glen-grant-10yo-700ml,,$91.52, $92.00 ,[],['Add to Cart'],157
PLM580,AUCHENTOSHAN American Oak 70cl,https://www.getit.changirecommends.com/product-page/auchentoshan-american-oak-70cl,,$89.55, $130.82 ,[],['Add to Cart'],158
BWW5840,Iwai Japanese whisky duo set free 1 White Walker 700ml,https://www.getit.changirecommends.com/product-page/iwai-japanese-whisky-duo-set-free-1-white-walker-700ml,"NOTE : DELIVERY PERIOD : 5-7 WORKING DAYS
",$206.00, $278.96 ,[],['Add to Cart'],159
PLM607,LAPHROAIG 25 Years Old (Limited Stock) 70cl (Pre-order 1 week arrival),https://www.getit.changirecommends.com/product-page/laphroaig-25-years-old-limited-stock-70cl,,$840.01," $1,031.31 ",[],['Add to Cart'],160
HTH14,Dalmore 12 Years Single Malt Whisky GiftSet With 2 Glasses,https://www.getit.changirecommends.com/product-page/dalmore-12-years-single-malt-whisky-giftset-with-2-glasses,,$127.09, $192.70 ,[],['Add to Cart'],161
LMDW086,KAVALAN Pedro Ximenez Cask Whisky 70cl (Pre-order 1 week arrival),https://www.getit.changirecommends.com/product-page/kavalan-pedro-ximenez-cask-whisky-70cl,"Volume : 70cl
",$697.84, $700.00 ,[],['Add to Cart'],162
CSH023,EIFFEL TOWER XO 70CL (LALLY),https://www.getit.changirecommends.com/product-page/eiffel-tower-xo-70cl-lally,,$72.00, $116.00 ,[],['Add to Cart'],163
CYA028,SUN FOOD BLENDED WHISKY GIN 37% 700ML,https://www.getit.changirecommends.com/product-page/sun-food-blended-whisky-gin-37-700ml,"89.9
",$93.08, $115.58 ,[],['Add to Cart'],164
LMDW5900,REDBREAST 15 YEAR SINGLE POT STILL,https://www.getit.changirecommends.com/product-page/redbreast-15-year-single-pot-still-46,,$155.00, $165.00 ,[],['Add to Cart'],165
GB02,The Dead Rabbit Irish Whiskey,https://www.getit.changirecommends.com/product-page/the-dead-rabbit-irish-whiskey,"Sean Muldoon and Jack McGarry have teamed up with The Dublin Liberties Distillery to launch a new Irish whiskey to mark the five-year anniversary of The Dead Rabbit bar in New York. Muldoon and McGarry have collaborated with master distiller Darryl McNally to launch The Dead Rabbit Irish Whiskey, a five-year-old blend of Irish single malt and grain whiskeys. The expression is first aged in seasoned Bourbon casks for five years, and then finished in small virgin American oak barrels. Appearance : Honey-gold Nose : Light and aromatic, toasted oats, caramel. Taste : Deep, rich and mellow, but with attitude. Finish: Lond and soft with a hint of vanilla.
",$104.94, $120.04 ,[],['Add to Cart'],166
ME140817,CHIVAS REGAL 25 Years Old 70cl,https://www.getit.changirecommends.com/product-page/chivas-regal-25-years-old-70cl-1,,$413.81, $615.92 ,[],['Add to Cart'],167
plm93142,WOW DEAL - TEACHER’S Highland Cream 12 x 70cl,https://www.getit.changirecommends.com/product-page/wow-deal-teacher-s-highland-cream-12-x-70cl,"WOW DEAL  12x Teacher's Highland 70cl
",$522.00, $642.23 ,[],['Add to Cart'],168
MWA035,The GlenDronach Original 12 Years 700ml - Single Malt Scotch Whisky,https://www.getit.changirecommends.com/product-page/the-glendronach-original-12-years700ml,"This superb richly sherried single malt is matured for at least 12 years in a combination of the finest Spanish Pedro Ximenez and Oloroso sherry casks. Non-chill filtered, of natural colour and bottled at 43%, the GlenDronach 12 year old Original is a sweet, creamy dram.
",$124.28, $138.00 ,[],['Add to Cart'],169
MWA5916,Château D'Anglès Classique Rosé 75cl,https://www.getit.changirecommends.com/product-page/ch%C3%A2teau-d-angl%C3%A8s-classique-ros%C3%A9,"Brilliant, “pink flamingo” colour. Intense and complex nose of white flowers and fruits, citrus fruits and also small fresh red berries aromas. Plentiful mouth with a long and complex aromatic composition balanced by a mineral freshness.Enjoy fresh and fruity in the first 3 years. Ageing potential of 4 to 5 years. Will definitely match all kinds of summer dishes like salads and grills. Also excellent with Asian cuisine, red berries-based desserts. Aerate and drink around 12°C. If served too cold, this wine will not develop its full aroma.Mourvèdre (80%), Syrah(10%), Grenache (10%)
",$47.00, $48.00 ,[],['Add to Cart'],170
CSW58412,Glenallachie 18 Year Old Single Malt Whiskey 0.70L,https://www.getit.changirecommends.com/product-page/glenallachie-18-year-old-single-malt-whiskey-0-70l,,$290.00, $294.00 ,[],['Add to Cart'],171
BWW0608,Matsui Kurayoshi Pure Malt,https://www.getit.changirecommends.com/product-page/matsui-kurayoshi-pure-malt,"NOTE : DELIVERY PERIOD :5-7 Working Days 
",$98.00, $117.00 ,[],['Add to Cart'],172
MWA007,Kamiki Blended Malt Whisky (500ml),https://www.getit.changirecommends.com/product-page/kamiki-blended-malt-whisky-500ml,"Demure Aromas Of Freshly Cut Wood And Button Mushrooms Are Decidedly Earth Driven. Much More Intense On The Palate The Flavors Explode With Toasted Tobacco, Sweet Cinnamon And Background Notes Of Cedar, Finally Finishing With Roasted Honey Spiked Grains.
",$99.84, $141.84 ,[],['Add to Cart'],173
MWA5906,BenRiach The Smoky Ten Scotch Whisky 70cl,https://www.getit.changirecommends.com/product-page/benriach-the-smoky-ten-scotch-whisky-70cl,"SUBLIMELY SMOOTH INTRODUCTION TO BENRIACH SWEET SMOKE “Intense smoked applewood flavour with honeyed sugar maple, all woven together with rich layers of smoke.” – Rachel Barrie, Master Blender The Smoky Ten is distilled using malted barley smoked with Highland peat. This wood rich Highland peat imparts distinctly sweet and smoky notes into Benriach peated whiskies. Enriched with three cask maturation using bourbon barrels, toasted virgin oak and Jamaican rum casks for layers of sunripe fruit, aromatic smoky sweetness and toasted oak spice. The Smoky Ten is an ideal introduction for explorers wanting to try a different style of peated whisky to the more traditional Islay malts.
",$120.00, $154.00 ,[],['Add to Cart'],174
CSW81957121,LAPHROAIG 10 Years Old (Limited Stock) 70cl,https://www.getit.changirecommends.com/product-page/laphroaig-10-years-old-limited-stock-75cl,,$81.66, $112.72 ,[],['Add to Cart'],175
CRS121,Kaiyo Mizunara Cask Strength Whisky 700ml,https://www.getit.changirecommends.com/product-page/kaiyo-mizunara-cask-strength-whisky-700ml,"Volume : 700ml Whisky Country : Japan
",$194.48, $201.00 ,[],['Add to Cart'],176
LMDW007,Old Pulteney 15 years 46%,https://www.getit.changirecommends.com/product-page/old-pulteney-15-years-46,"It is in a harsh climate and swept by the sea winds that was born this bottling of the Pulteney distillery. Aged in bourbon casks and refined in sherry casks, this 15-year-old version reveals a new facet of the distillery. A breeze of freshness, salty breeze and iodine in an intensely greedy register, which transports us towards the open sea of the North coast of the Highands with generosity and delicacy. Profile: Intense and balanced.
",$169.94, $181.54 ,[],['Add to Cart'],177
HTH90022,HIGHLAND PARK 12 Years Old 70cl,https://www.getit.changirecommends.com/product-page/highland-park-12-years-old-70cl-1,"Colour : Glowing amberNose : Heather-honey sweetness, peaty smokinessPalate : Rounded smoky sweetness, full malt deliveryFinish : Teasing, heathery, delicious
",$98.61, $158.72 ,[],['Add to Cart'],178
WS055,NAUD VSOP Cognac,https://www.getit.changirecommends.com/product-page/naud-vsop-cognac,"NUAD boast 10 cellars and 5,500 Limousin oak barrels, with a capacity of 350 to 400 litres, that allows it to create an array of spirits with varying profiles. This VSOP Cognac is no exception. Distilled using an eaux-de-vie matured at least four years, this expression is then bottled at 40% ABV using that classic NAUD design, with a traditional-distillation-equipment-inspired bottle. 
",$108.77, $128.00 ,[],['Add to Cart'],179
PLM602,LAPHROAIG Select Cask 70cl,https://www.getit.changirecommends.com/product-page/laphroaig-select-cask-70cl,,$79.00, $96.16 ,[],['Add to Cart'],180
WG1910,Drambuie Liqueur 0.70L,https://www.getit.changirecommends.com/product-page/drambuie-0-75l-40,"Drambuie is a very famous whisky liqueur made with Scotch whisky, heather and herbs and spices. Produced in West Lothian, Scotland, Drambuie offers flavours such as anise, nutmeg and saffron.
",$61.00, $62.00 ,[],['Add to Cart'],181
BWW072,Togouchi Blended Whisky 70cl,https://www.getit.changirecommends.com/product-page/togouchi-blended-whisky-70cl,,$86.53, $90.00 ,[],['Add to Cart'],182
PLM878,Southern Comfort 75cl,https://www.getit.changirecommends.com/product-page/southern-comfort-75cl,"Southern Comfort is an American fruit-flavored liqueur with fruit and spice accents. The brand was originally created by bartender Martin Wilkes Heron in New Orleans in 1874, and originally used whiskey as the base spirit.
",$56.37, $70.17 ,[],['Add to Cart'],183
HTH7241,The Singleton Dufftown 18-year-old,https://www.getit.changirecommends.com/product-page/singleton-dufftown-18-years-old,,$143.52, $147.00 ,[],['Add to Cart'],184
CSW229,CHIVAS REGAL 18 Years Old 75cl with Box,https://www.getit.changirecommends.com/product-page/copy-of-chivas-regal-18-years-old-70cl-with-box-without-ball-bearing,,$92.56, $113.56 ,[],['Add to Cart'],185
MWA5908,BenRiach The Twelve Scotch Whisky 70cl,https://www.getit.changirecommends.com/product-page/benriach-the-twelve-scotch-whisky-70cl,"SHERRY RICH MATURATION FOR DEPTH AND SMOOTHNESS “Sherry rich maturation and layers of dark berry fruit encapture the flavours of Benriach in the autumn.” – Rachel Barrie, Master Blender The Twelve is a rich and smooth expression of Benriach Single Malt. Matured in a sherry rich profile with the addition of bourbon and port casks, this intriguing malt has layers of baked fruit, maple honey
",$137.00, $156.00 ,[],['Add to Cart'],186
ME219,Glenfarclas 12 Years Old Whisky 70cl,https://www.getit.changirecommends.com/product-page/glenfarclas-12-years-old-whisky-70cl,,$97.56, $115.56 ,[],['Add to Cart'],187
,,https://www.getit.changirecommends.com/product-page/ardbeg-corryvreckan-70cl-1,,,,[],[],188
BWW043,Mars Lucky Cat May 70cl,https://www.getit.changirecommends.com/product-page/mars-lucky-cat-may-70cl,,$110.24, $112.00 ,[],['Add to Cart'],189
PLM00012,GLENFIDDICH 21 Years Old GRAN RESERVE 70CL,https://www.getit.changirecommends.com/product-page/glenfiddich-21-years-old-gran-reserve-70cl,,$363.00, $375.00 ,[],['Add to Cart'],190
ME8261555,Singleton 12 year Old Whisky of Dufftown,https://www.getit.changirecommends.com/product-page/singleton-12-year-old-whisky-of-dufftown,,$69.11, $82.56 ,[],['Add to Cart'],191
WG007,Monkey Shoulder 700ml 40% (No Box),https://www.getit.changirecommends.com/product-page/monkey-shoulder-700ml-40,"Monkey Shoulder smooth and rich blended malt scotch whiskey. Zesty orange meets mellow vanilla, honey and spiced oak. Mellow vanilla with spicy hints. Super smooth. 
  
Buy Monkey Shoulder now!
",$67.00, $86.00 ,[],['Add to Cart'],192
MWA5907,BenRiach The Smoky Twelve Scotch Whisky 70cl,https://www.getit.changirecommends.com/product-page/benriach-the-smoky-twelve-scotch-whisky-70cl,"CREAMY SMOOTHNESS WITH AROMATIC LAYERS OF SMOKE “For me it’s baked orange in a wonderful cake, fired over an open fire, with dark chocolate flavour.” – Rachel Barrie, Master Blender The Smoky Twelve is the perfect marriage of fruit, malt, oak and rich layers of smoke. Three cask matured in an unconventional mix of bourbon, sherry and Marsala this creamy and smooth single malt is multi-layered with flavours of ripened fruit, aromatic smoky sweetness and warming oak spice.
",$141.00, $152.00 ,[],['Add to Cart'],193
LMDW2288,Nikka From The Barrel 50cl,https://www.getit.changirecommends.com/product-page/nikka-from-the-barrel-50cl-2,,$81.01, $83.12 ,[],['Add to Cart'],194
CSH028,HARVEYS BISTROL CREAM SOLERA SHERRY 75CL,https://www.getit.changirecommends.com/product-page/harveys-bristol-cream-solera-sherry75cl,,$48.00, $51.00 ,[],['Add to Cart'],195
LMDW017,Amrut fusion 50%,https://www.getit.changirecommends.com/product-page/amrut-fusion-50,"The first vintage is made from 80% malted barley grown at the foot of the Himalayas and 20% malted peat barley from Scotland. Each has been aged separately for four years under tropical temperatures accelerating aging in the manner of old Caribbean rums! A single malt of great roundness and moderately peated, unfiltered cold and bottled at 50% which is reminiscent of some ""collectors"" of Speyside! 
",$119.60, $152.00 ,[],['Add to Cart'],196
HTH1041,Whyte & Mackay Blended Whisky,https://www.getit.changirecommends.com/product-page/whyte-mackay-blended-whisky,,$46.70, $48.80 ,[],['Add to Cart'],197
PLM585,AUCHENTOSHAN 18 Years 70cl with box,https://www.getit.changirecommends.com/product-page/auchentoshan-18-years-old-malt-limited-stock-70cl,,$115.00, $209.56 ,[],['Add to Cart'],198
LMDW080,KAVALAN Solist Bourbon Cask Whisky 58.6% ( 70cl ),https://www.getit.changirecommends.com/product-page/kavalan-bourbon-cask-whisky,"Volume : 70clAlcohol Percentage : 58.6%
",$238.16, $244.16 ,[],['Add to Cart'],199
EPG019,Scotch Blue Premium 21 Years,https://www.getit.changirecommends.com/product-page/scotch-blue-premium-21-years,"Volume: 500ml Alcoholic content: 40% Scotch Blue, created to be a first-class Scotch by a master blender, has become a favorite not only of Korean high society members but also of the masses. Scotch Blue Premium is touted by the Korean Times as �one of drinker�s favorites� having beat imported whiskies. Scotch Blue Premium is a blend of 21 years.
",$113.36, $136.70 ,[],['Add to Cart'],200
HTH131881,GLENLIVET 18 Years Old 70cl (With Box),https://www.getit.changirecommends.com/product-page/glenlivet-18-years-old-70cl-1,"NOTE : DELIVERY PERIOD : 5-7 WORKING DAYS
",$149.99, $276.35 ,[],['Add to Cart'],201
CSH066,KURAYOSHI 8 YRS PURE MALT 70CL,https://www.getit.changirecommends.com/product-page/kurayoshi-8-yrs-pure-malt-70cl,"NOTE :DELIVERY PERIOD : 3-5 WORKING DAYS
",$145.00, $158.00 ,[],['Add to Cart'],202
CSH063,GLEN MORAY SINGLE MALT 700ML,https://www.getit.changirecommends.com/product-page/glen-moray-single-malt-700ml,"NOTE :DELIVERY PERIOD : 3-5 WORKING DAYS
",$64.00,,[],['Add to Cart'],203
PLM1461,YAMAZAKI 18 Years Old (Limited Stock) 70cl With Box (Pre-order 1 week arrival),https://www.getit.changirecommends.com/product-page/yamazaki-18-years-old-limited-stock-70cl-with-box," 
","$1,699.00"," $1,750.64 ",[],['Add to Cart'],204
MWA039,Glenglassaugh Torfa (700ml) - Single Malt Scotch Whisky,https://www.getit.changirecommends.com/product-page/glenglassaugh-torfa-700ml,"We've seen the Revival and the Evolution, and now Glenglassaugh are adding a peated expression to their range. The Torfa (which refers to the Old Norse word for turf or peat) has been matured in ex-bourbon barrels and weighs in at 20 PPM. We love to see that Glenglassaugh is back up and running again after being closed for over 20 years, and they've even got enough momentum to try new things, as this is their first peated single malt Scotch whisky!
",$123.29, $142.74 ,[],['Add to Cart'],205
PLM4829113,YAMAZAKI 12 Years Old 70cl w Box,https://www.getit.changirecommends.com/product-page/yamazaki-12-years-old-70cl-w-box,,$266.95, $338.00 ,[],['Add to Cart'],206
CYA158,TOASHUZO GOLDEN HORSE BUSHU BLENDED WHISKY 43% 700ML,https://www.getit.changirecommends.com/product-page/toashuzo-golden-horse-bushu-blended-whisky-43-700ml,,$135.10, $151.90 ,[],['Add to Cart'],207
PLM586,AUCHENTOSHAN 21 Years Old Malt (Limited Stock) 70cl,https://www.getit.changirecommends.com/product-page/auchentoshan-21-years-old-malt-limited-stock-70cl,,$220.47, $567.48 ,[],['Add to Cart'],208
MWA002,Jack Daniel's Tennessee Fire 70cl,https://www.getit.changirecommends.com/product-page/jack-daniel-s-tennessee-fire-700ml,"Jack Daniel's Tennessee Fire has been eagerly anticipated ever since its 2014 US release. Combining the legendary No.7 with a fiery cinnamon liqueur, this is sweet and spicy with notes of vanilla. Best enjoyed on its own, slightly chilled.
",$62.92, $89.00 ,[],['Add to Cart'],209
HTH930,ABERLOUR 18 Years Old 50cl,https://www.getit.changirecommends.com/product-page/aberlour-18-years-old-50cl-1,,$296.92, $316.42 ,[],['Add to Cart'],210
HTH025,GLENMORANGIE The Quinta Ruban 14 Years 70cl,https://www.getit.changirecommends.com/product-page/glenmorangie-the-quinta-ruban-14-years-70cl,,$107.00, $133.76 ,[],['Add to Cart'],211
BWW0610,Matsui Kurayoshi 8 years old,https://www.getit.changirecommends.com/product-page/matsui-kurayoshi-8-years-old,"NOTE : DELIVERY PERIOD :5-7 Working Days 
",$138.00, $148.00 ,[],['Add to Cart'],212
MWA004,Jack Daniel's Single Barrel Select 75cl,https://www.getit.changirecommends.com/product-page/jack-daniel-s-single-barrel-select-700ml,"  
  
Bottled at 94-proof, Single Barrel Select layers subtle notes of caramel and spice with bright fruit notes and sweet aromatics for a Tennessee Whiskey with one-of-a-kind flavor. 
  
Made with corn, rye, barley malt and iron-free water from our limestone Cave Spring. Twice distilled, charcoal mellowed, matured in new, charred, white oak barrels on the upper floors of selected warehouses. Selected and tasted by Master Distiller Jeff Arnett and a small team of expert whiskey tasters. Crafted by the Jack Daniel Distillery in Lynchburg, Tennessee.
",$102.96, $121.96 ,[],['Add to Cart'],213
PLM683,HAKUSHU 25 Years Old 70cl with Box (Pre-Order 1 Week),https://www.getit.changirecommends.com/product-page/hakushu-25-years-old-limited-stock-70cl,,"$7,999.99"," $9,450.85 ",[],['Add to Cart'],214
CSW748111195,MACALLAN Sherry Oak 12 Years Old 70cl with Box,https://www.getit.changirecommends.com/product-page/macallan-sherry-oak-12-years-old-70cl-with-box,"Colour : Rich goldNose : Vanilla with hints of sweetness and wood smokePalate : Deliciously smooth, with rich dried fruits and sherry, balanced with wood smoke and spiceFinish : Sweet toffee, dried fruits, lingering wood smoke and spice
",$123.76, $243.76 ,[],['Add to Cart'],215
WI0012,Glen Kirk speyside single malt whisky 70CL,https://www.getit.changirecommends.com/product-page/glen-kirk-speyside-single-malt-70cl,,$69.00, $72.00 ,[],['Add to Cart'],216
WGS003C,Glenfiddich 18 Year old 0.70L,https://www.getit.changirecommends.com/product-page/glenfiddich-18-year-single-malt-scotch-whisky-750ml,"Glenfiddich 18 Year Single Malt Scotch Whisky 700ml 40% (GBX) A truly exceptional single malt, the result not just of eighteen years of care and attention, but of whisky-making craft and knowledge passed down through the generations. Each note of maturing whisky grows and develops over time inside the casks. The baked apple notes of our 18 Year Old were once notes of fresh pear, now mellowed and softened. Spanish Oloroso wood and American oak are used to mature this rich, intriguingly fruity and robust oak expression, but there are many more reasons why this expression is special. Every batch is individually numbered and carefully watched over. Each has extraordinary consistency and character from an intense marrying period, and a warming, distinguished finish.
",$138.00, $149.00 ,[],['Add to Cart'],217
MWA548R,Jack Daniel's Tennessee Honey 700ml,https://www.getit.changirecommends.com/product-page/jack-daniel-s-tennessee-honey-700ml,"NOTE : DELIVERY PERIOD : 3-5 WORKING DAYS A blend of Jack Daniel’s Tennessee Whiskey and a unique honey liqueur of our own making, for a taste that’s one-of-a-kind and unmistakably Jack. With hints of honey and a finish that’s naturally smooth, Jack Daniel’s Tennessee Honey offers a taste of the unexpected. 
",$58.50, $74.00 ,[],['Add to Cart'],218
PLM686,HIBIKI 21 Years Old 70cl With Box ( Pre-Order 1 Week ),https://www.getit.changirecommends.com/product-page/hibiki-21-years-old-70cl-with-box,,"$1,643.66"," $1,789.00 ",[],['Add to Cart'],219
ME985810055,Johnnie Walker Blue Treasures of South East Asia,https://www.getit.changirecommends.com/product-page/johnnie-walker-blue-treasures-of-south-east-asia,,$290.05, $310.16 ,[],['Add to Cart'],220
HTH13,Dalmore 12 Years Single Malt Whisky 70cl,https://www.getit.changirecommends.com/product-page/dalmore-12-years-single-malt-whisky,,$122.85, $132.50 ,[],['Add to Cart'],221
PLM630,DEWAR’S Special Reserve 12 Years Old (  The Ancestor ) 75cl,https://www.getit.changirecommends.com/product-page/dewar-s-special-reserve-12-years-old-75cl,,$76.76, $96.95 ,[],['Add to Cart'],222
ME584859,Bulleit Bourbon Whisky 700ml,https://www.getit.changirecommends.com/product-page/bulleit-bourbon-whisky-700ml,,$65.41, $74.80 ,[],['Add to Cart'],223
HTH204,Caol Ila 18 Year Old Islay Single Malt Scotch Whisky,https://www.getit.changirecommends.com/product-page/caol-ila-18-year-old-islay-single-malt-scotch-whisky,,$230.78, $269.88 ,[],['Add to Cart'],224
MWA088,The GlenDronach Allardice 18 Years 700ml (With Box),https://www.getit.changirecommends.com/product-page/the-glendronach-allardice-18-years-700ml,"Origin: Scotland - Highland   The GlenDronach 18 year old Allardice is named after the distillery’s founder, James Allardice. The Highlander was matured completely in Oloroso sherry casks, and was originally released in 2009 following the distillery changing hands back in 2008. An exceptional fruity sherried single malt.
",$249.50, $308.45 ,[],['Out of Stock'],225
CSW1232,GLENLIVET 12 Years Old 43%,https://www.getit.changirecommends.com/product-page/glenlivet-12-years-old-75cl-43,,$92.55, $100.00 ,[],['Add to Cart'],226
CSW124,ARDBEG 10 Years Old 70cl,https://www.getit.changirecommends.com/product-page/ardbeg-10-years-old-70cl-1,"NOTE : DELIVERY PERIOD : 14 WORKING DAYS 
",$97.76, $103.00 ,[],['Add to Cart'],227
PLM591,BOWMORE 15 Years Old Malt 70cl with Box,https://www.getit.changirecommends.com/product-page/bowmore-15-years-old-darkest-malt-70cl,,$92.33, $148.36 ,[],['Add to Cart'],228
ME82013,CHIVAS REGAL Mizunara 70cl,https://www.getit.changirecommends.com/product-page/chivas-regal-mizunara-70cl,,$96.00, $124.11 ,[],['Add to Cart'],229
CSW059,Bon Tikka Gin 0.50l 50.5%,https://www.getit.changirecommends.com/product-page/tikka-gin-0-50l-50-5,"NOTE : DELIVERY PERIOD : 3-5 WORKING DAYS We've been treated to a barrel aged expression of Tenu Gin, dubbed Tenu Le Bon Tikka! The original Finnish gin (crafted by Finnish monks, don't you know) has been aged for six months in new American oak barrels, with only 1,800 limited edition bottles released at a burly 50.5% ABV. Tikka is the Finnish word for woodpecker, and you can spot one on the funky label.
",$102.96, $113.00 ,[],['Add to Cart'],230
CSW85785,JOHNNIE WALKER Black Label 70CL,https://www.getit.changirecommends.com/product-page/johnnie-walker-black-label-gift-box-70cl,,$68.00, $75.00 ,[],['Add to Cart'],231
MWA005,Jack Daniel's No. 27 Gold (700ml),https://www.getit.changirecommends.com/product-page/jack-daniel-s-no-27-gold-700ml,"PACKAGING MAY VARY Created by taking Jack Daniel's standard Tennessee whisky (No. 7) and then ""double barreling and double mellowing"" it - meaning it enjoys an extra maturation period in maple wood before being double charcoal filtered.
",$123.76, $183.16 ,[],['Add to Cart'],232
LMDW012,TEELING Single Malt 46%,https://www.getit.changirecommends.com/product-page/teeling-single-malt-46,"The third release in the Premium range of Teeling expressions completing our full range of non-age statement Irish whiskeys. Made from 100% Malted Barley from a range of different ages including Malt whiskey distilled in 1991. Our aim was to produce the most flavoursome non-age statement Irish Single Malt based on our innovative maturation and finishing techniques while retaining the distinctive Irish smoothness. Consists of a vatting of 5 different wine cask (Sherry, Port, Madeira, White Burgundy, Cabernet Sauvignon) finished Irish Malt whiskeys. Like all the Teeling whiskeys, it is bottled at 46% with no chill filtration allowing all the natural flavours of the whiskey to be retained.
",$116.48, $120.00 ,[],['Add to Cart'],233
RC002,Bruichladdich Distillery The Classic Laddie 700ml,https://www.getit.changirecommends.com/product-page/bruichladdich-distillery-the-classic-laddie-700ml,,$109.08, $139.20 ,[],['Add to Cart'],234
CSW053,Tio PePe Fino Sherry 0.75l 15%,https://www.getit.changirecommends.com/product-page/tio-pepe-fino-sherry-0-75l-15,"A crisp and dry fino sherry from Gonzalez Byass. This is made using Palomino grapes and the wine is aged for around 5 years. Best served chilled.
",$37.43, $52.44 ,[],['Add to Cart'],235
CSH079,VAT 69 70CL,https://www.getit.changirecommends.com/product-page/vat-69-70cl,"NOTE :DELIVERY PERIOD : 3-5 WORKING DAYS
",$49.00, $54.00 ,[],['Add to Cart'],236
MWA037,Glenglassaugh Revival (700ml) - Single Malt Scotch Whisky,https://www.getit.changirecommends.com/product-page/glenglassaugh-revival-700ml,"This is the first chance to try whisky produced by the recently re-opened Glenglassaugh Distillery.   It was closed in 1986 but resumed production in 2008. This revival bottling is the first whisky to be made at the distillery since it reopened. Matured in a mixture of first and refill bourbon casks, this was finished for 6 months in first-fill oloroso sherry butts.
",$105.31, $128.00 ,[],['Add to Cart'],237
CSW123275,Lagavulin 16 Year Old 0.70l 43% With Box,https://www.getit.changirecommends.com/product-page/lagavulin-16-year-old-0-70l-43-with-gift-bo,"A much sought-after single malt with the massive peat-smoke that's typical of southern Islay - but also offering richness and a dryness that turns it into a truly interesting tipple. The 16 year old has truly become a benchmark Islay dram from the Lagavulin distillery.   If you're looking for a food pairing for this beauty, try intensely flavoured salty blue cheeses, which complement the intense, peat rich, sweet and salty character of this Lagavulin wonderfully.
",$124.56, $160.56 ,[],['Add to Cart'],238
LMDW037,NIKKA YOICHI Single Malt Of whisky,https://www.getit.changirecommends.com/product-page/nikka-yoichi-single-malt-of-whisky,,$114.39, $150.66 ,[],['Add to Cart'],239
WG002,Glenfiddich 15 Year Old Solera Reserve 70cl,https://www.getit.changirecommends.com/product-page/glenfiddich-15-year-solera-reserve-70cl,,$100.00, $109.00 ,[],['Add to Cart'],240
HTH90003,NAKED GROUSE Blended 70cl,https://www.getit.changirecommends.com/product-page/naked-grouse-blended-70cl,"NOTE : DELIVERY PERIOD : 3-5 WORKING DAYS Nose : Black Cherries, Cocoa Powder, Oak WoodPalate : Resinous, Dried Fruits and Nutmeg, Spicy Cinnamon SticksFinish : Dark Chocolate, Lingering Spiciness, Medium Sweet
",$72.79, $101.80 ,[],['Add to Cart'],241
PLM990,Aberfeldy 21 Years Old Single Malt Whisky 700ml,https://www.getit.changirecommends.com/product-page/aberfeldy-21-years-old-single-malt-whisky-700ml,,$290.88, $401.19 ,[],['Add to Cart'],242
KMY018,"TTL Omar Whisky (Bourbon) 700ml, Alc. 46%",https://www.getit.changirecommends.com/product-page/ttl-omar-whisky-bourbon-700ml-alc-46,,$96.00, $98.00 ,[],['Add to Cart'],243
WI0010,Glen kirk speyside aged 12 years 70CL,https://www.getit.changirecommends.com/product-page/glen-kirk-speyside-aged-12-years-70cl,,$78.00, $82.00 ,[],['Add to Cart'],244
LMDW33,Nikka Coffey Malt 70cl,https://www.getit.changirecommends.com/product-page/nikka-coffee-malt-70cl-1,,$118.45, $161.56 ,[],['Add to Cart'],245
HTH12329215,MACALLAN Triple Cask 18 Years Old 70cl (With Box),https://www.getit.changirecommends.com/product-page/macallan-fine-oak-18-years-old-70cl,,$395.04, $500.19 ,[],['Add to Cart'],246
PLM680,HAKUSHU Distiller’s Reserve 70cl with Box,https://www.getit.changirecommends.com/product-page/hakushu-distiller-s-reserve-70cl,,$161.92, $201.23 ,[],['Add to Cart'],247
MWA001,Jack Daniel's Old No.7 70cl,https://www.getit.changirecommends.com/product-page/jack-daniel-s-old-no-7-700ml,"Charcoal mellowed and matured for character in handcrafted barrels, smooth and award winning Of all the US whiskey brands, Jack Daniel’s has attained a decidedly cult-like status, there is a massive market for brand memorabilia and the Old Time No.7 Brand is a regular on the back bar of almost every bar in the world.   The original all-conquering cola-friendly colossus, Jack Daniel's No. 7 commands a legion of fans worldwide, thanks to the sweet smoothness imparted by the Lincoln County Process of charcoal-mellowing the spirit before maturation.
",$55.00, $81.98 ,[],['Add to Cart'],248
LMDW5898,MORTLACH 25 YEARS G&M 43% 70cl,https://www.getit.changirecommends.com/product-page/mortlach-25-years-g-m-43,,$345.00, $370.00 ,[],['Out of Stock'],249
CSH075,LABEL 5 SCOTCH 12Y WHISKY 75CL,https://www.getit.changirecommends.com/product-page/label-5-scotch-12y-whisky-75cl,"NOTE :DELIVERY PERIOD : 3-5 WORKING DAYS
",$57.00, $58.00 ,[],['Add to Cart'],250
RC010,Glen Grant 12YO 700ml,https://www.getit.changirecommends.com/product-page/glen-grant-12yo-700ml,,$92.66, $118.56 ,[],['Add to Cart'],251
WG017,BALVENIE 14 Years Old Caribbean Cask 70cl,https://www.getit.changirecommends.com/product-page/balvenie-14-years-old-caribbean-cask-70cl,"132.08
",$132.08, $148.00 ,[],['Add to Cart'],252
CSW073,BOWMORE 18 Years Old Single Malt (With Box) 70cl,https://www.getit.changirecommends.com/product-page/bowmore-18-years-old-malt-limited-stock-70cl-1,,$137.88, $180.00 ,[],['Add to Cart'],253
LMDW084,KAVALAN Manzanilla Cask Whisky (Pre-order 1 week arrival),https://www.getit.changirecommends.com/product-page/kavalan-manzanilla-cask-whisky,"Volume : 70cl
",$572.00, $600.00 ,[],['Add to Cart'],254
CSW063,Captain Morgan Original Spiced Rum,https://www.getit.changirecommends.com/product-page/captain-morgan-spiced-0-70l-35-ngbx,"Smooth and medium bodied, Captain Morgan Original Spiced is a spirit based drink containing a secret blend of Caribbean rums, mellow spice and other natural flavours such as vanilla, cardamom and cinnamon. It gets its distinct richness and amber colour from aging the rum in charred white oak barrels. Captain Morgan Original Spiced is the perfect mix with Cola. Alternatively, try Ginger Ale for a lighter flavour.
",$41.59, $53.60 ,[],['Add to Cart'],255
MWA030,BenRiach Heart of Speyside (700ml) - Single Malt Scotch Whisky,https://www.getit.changirecommends.com/product-page/benriach-heart-of-speyside-700ml,"The entry level BenRiach bottling with no age statement, named for the distillery's location in Elgin in Moray at the heart of Speyside. A fresh, youthful whisky with a distinct countryside note.
",$96.20, $98.00 ,[],['Add to Cart'],256
WG015,Sailor Jerry Rum 70cl,https://www.getit.changirecommends.com/product-page/sailor-jerry-rum-0-70l-40,"NOTE: DELIVERY PERIOD : 3-5 WORKING DAYS In a world where brands create stories and change their image to match trends, Sailor Jerry exists to uphold the legacy of an American icon. Our mission is to bring the unique art and timeless values of Norman ‘Sailor Jerry’ Collins to a new generation of fans. Launched in 1999 to preserve & celebrate the legacy of Sailor Jerry, the Caribbean spiced rum is old school & steeped in real history.
",$67.08, $69.00 ,[],['Add to Cart'],257
CSH068,KURAYOSHI SHERRY CASK 70CL,https://www.getit.changirecommends.com/product-page/kurayoshi-sherry-cask-70cl,"NOTE :DELIVERY PERIOD : 3-5 WORKING DAYS
",$121.00, $145.00 ,[],['Add to Cart'],258
PLM956,TEACHER’S Highland Cream 70cl,https://www.getit.changirecommends.com/product-page/teacher-s-highland-cream-70cl,,$43.50, $53.58 ,[],['Add to Cart'],259
MWA008,Kamiki Intense Malt Whisky 500ml,https://www.getit.changirecommends.com/product-page/kamiki-intense-malt-whisky-500ml,"Demure Aromas Of Freshly Cut Wood And Button Mushrooms Are Decidedly Earth Driven. Much More Intense On The Palate The Flavors Explode With Toasted Tobacco, Sweet Cinnamon And Background Notes Of Cedar, Finally Finishing With Roasted Honey Spiked Grains.
",$134.16, $153.16 ,[],['Add to Cart'],260
CSW5010,The Bundle of Royal Salute 21 Signature Blend,https://www.getit.changirecommends.com/product-page/the-bundle-of-royal-salute-21-signature-blend,"BUNDLE INLCUDES: 3 x Royal Salute 21 Years Signature Blend Free 2 x Whisky Glass1 x 30g Tong Garden Snack ( Random) 
",$504.40, $703.40 ,[],['Add to Cart'],261
HTH18,Dalmore 18 Years Single Malt Whisky,https://www.getit.changirecommends.com/product-page/dalmore-18-years-single-malt-whisky-gift-set-with-watch-winder,,$240.00, $334.12 ,[],['Add to Cart'],262
LMDW010,TEELING Single Grain 46%,https://www.getit.changirecommends.com/product-page/teeling-single-grain-46,"Irish single grain whiskey from Teeling! There are only an elite few Irish single grain whiskies out there at the moment, but Teeling went ahead and made theirs unique by maturing it in Californian Cabernet Sauvignon casks. Deliciously sweet with a good deal of spice and fruit hide within the Teeling Single Grain.
",$104.00, $110.00 ,[],['Add to Cart'],263
CSH061,GLEN MORAY 12 yrs SINGLE MALT 70CL,https://www.getit.changirecommends.com/product-page/glen-moray-12-yrs-single-malt-70cl,"NOTE :DELIVERY PERIOD : 3-5 WORKING DAYS
",$75.00, $88.00 ,[],['Add to Cart'],264
BWW042,Mars Iwai Wine Cask 75cl,https://www.getit.changirecommends.com/product-page/mars-iwai-wine-cask-75cl,,$114.39, $122.40 ,[],['Add to Cart'],265
WGS004C,Glenfiddich 12 Year Old Single Malt Scotch Whisky 700ml,https://www.getit.changirecommends.com/product-page/glenfiddich-12-year-single-malt-scotch-whisky-700ml,"Glenfiddich 12 Year Single Malt Scotch Whisky 700ml 40% (GBX/REF)   With a unique freshness from the same Highland spring water they’ve used since 1887, its distinctive fruitiness comes from the high cut point William Grant always insisted upon.   Carefully matured in the finest American oak and European oak sherry casks for at least 12 years, it is mellowed in oak marrying tuns to create its sweet and subtle oak flavours.   Flowing in the Valley of the Deer since 1887, this signature expression is the world’s most awarded single malt Scotch whisky.   Creamy with a long, smooth and mellow finish, the 12 Year Old is the perfect example of Glenfiddich’s unique Speyside style and is widely proclaimed the best dram in the valley.
",$78.00, $86.00 ,[],['Add to Cart'],266
PLM978,Hibiki + Chita Bundle (Both with Box),https://www.getit.changirecommends.com/product-page/hibiki-chita-bundle,"  Volume : 700ml
",$230.08, $340.79 ,[],['Add to Cart'],267
CSW58413,Glenallachie 25 Year Old Single Malt Whiskey 0.70L (Pre-Order 1 week arrival),https://www.getit.changirecommends.com/product-page/glenallachie-25-year-old-single-malt-whiskey-0-70l,,$745.00, $753.00 ,[],['Add to Cart'],268
BWW108,JOHNNIE WALKER Gold Reserve 75cl with Box,https://www.getit.changirecommends.com/product-page/johnnie-walker-gold-reserve-75cl-with-box,,$87.26, $120.00 ,[],['Add to Cart'],269
PLM973,AUCHENTOSHAN Three Wood With Box 700ml + Hibiki Harmony With Box 700ml,https://www.getit.changirecommends.com/product-page/auchentoshan-triple-wood-hibiki-harmony,"BEST DEAL - WHISKY LOVER  (BUNDLE 1)Auchentoshan Triple Wood 700ml + Hibiki Harmony 700ml This award-winning Auchentoshan has been matured in three different cask types.From American Bourbon to Spanish Oloroso Sherry - and finally Pedro Ximenez Sherry casks - this is a rich, complex whisky with toffee and sherry flavours. Three Wood makes a cracking Auchentoshan & Ale, a mean Old Fashioned and a damn fine dram.             Harmony - a rather apt word to describe this well-balanced Japanese blended whisky from the Hibiki range. Hibiki Japanese Harmony is made with malt whiskies from the Yamazaki and Hakushu distilleries, as well as grain whisky from the Chita distillery. The whiskies are drawn from 5 different types of cask, including American white oak casks, Sherry casks and Mizunara oak casks. The blend itself was crafted by the Suntory Whisky blending team, led by Master Blender Shingo Torii. An elegant expression, with wafts of honey, orange, a herbaceous touch or two and light oak.
",$259.89, $370.00 ,[],['Add to Cart'],270
HTH053,Dalmore Port Wood 70cl with Box,https://www.getit.changirecommends.com/product-page/dalmore-port-wood-70cl-with-box," 
",$163.12, $218.00 ,[],['Add to Cart'],271
LMDW1001,Nikka Miyagikyo Single Malt 70cl,https://www.getit.changirecommends.com/product-page/miyagikyo-single-malt-70cl,,$121.01, $156.46 ,[],['Add to Cart'],272
PLM954,ABERFELDY 12 Years Old 70cl,https://www.getit.changirecommends.com/product-page/aberfeldy-12-years-old-70cl,,$86.68, $128.00 ,[],['Add to Cart'],273
HTH65294,GLENMORANGIE Signet 70cl,https://www.getit.changirecommends.com/product-page/glenmorangie-signet-70cl,,$298.52, $331.04 ,[],['Add to Cart'],274
RC011,Glen Grant 18YO 700ml,https://www.getit.changirecommends.com/product-page/glen-grant-18yo-700ml,,$218.71, $304.41 ,[],['Add to Cart'],275
HTH206,Oban 14 Years Old Whisky,https://www.getit.changirecommends.com/product-page/oban-14-years-old-whisky,,$106.05, $119.00 ,[],['Out of Stock'],276